name,phone,birthday
,,
Barbara A. McGrath,847-412-7016,"April 16, 1972"
Anthony O. Bever,301-974-5183,"May 2, 1985"
Herbert K. Christmas,601-263-8431,"December 17, 1978"
Marjorie E. Bentley,701-456-2777,"November 20, 1949"
William S. Westbrooks,847-572-3725,"July 6, 2000"
Cheryl S. Johnson,941-329-8640,"August 23, 1981"
Brittany C. Blanchard,989-539-7099,"April 23, 1991"
Marilyn D. Alston,415-720-9416,"January 16, 1970"
Eugene P. Tavarez,540-382-0346,"May 17, 1956"
Steve M. Newton,440-949-5768,"December 21, 1970"
Alice F. White,253-479-6453,"July 14, 1958"
Norma I. Elliott,815-491-1055,"May 20, 1995"
John E. Dunn,919-656-7113,"July 19, 1952"
Bonnie M. Rotter,413-494-3325,"July 8, 1983"
Virginia E. Miranda,406-449-9245,"May 22, 1996"
Joseph P. Herrera,740-954-5598,"May 24, 1935"
John D. Long,952-858-6793,"February 25, 1961"
Maryann J. Roman,504-376-7424,"January 2, 1974"
Jodie R. Gilbert,925-817-2599,"December 10, 1961"
Daniel L. Hatch,708-660-1203,"June 4, 1975"
Woodrow T. Lake,502-534-5942,"January 5, 1991"
Meggan F. Berry,214-513-0210,"September 1, 1959"
Kayla J. Pedersen,541-432-7984,"June 3, 1946"
